<?xml version="1.0" encoding="UTF-8"?>
<tour start="node1" appversion="6.0.1" apprev="17227">
  <panorama id="node1">
    <input height="2048" levelbiashidpi="1.000" leveltileurl="tiles/node1/cf_%c/l_%l/c_%x/tile_%y.jpg" overlap="1" levelingroll="0" leveltilesize="510" levelbias="0.400" levelingpitch="0" width="2048">
      <level height="2048" preload="0" width="2048" predecode="0"/>
      <level height="1024" preload="0" width="1024" predecode="0"/>
      <level height="512" preload="0" width="512" predecode="0"/>
      <level height="256" preload="1" width="256" predecode="1"/>
      <preview strip="1" color="0x808080"/>
    </input>
    <view fovmode="0" pannorth="0">
      <start pan="0" projection="4" tilt="0" fov="70"/>
      <flyin pan="0" projection="9" tilt="-90" fov="170"/>
      <min pan="0" tilt="-90" fovpixel="2"/>
      <max fovstereographic="270" scaletofit="1" pan="360" fovfisheye="360" tilt="90" fov="120"/>
    </view>
    <userdata title="" copyright="" author="" info="" datetime="" comment="" longitude="" customnodeid="" tags="Downloads" latitude="" source="" description=""/>
    <hotspots height="20" width="180" wordwrap="1">
      <label height="20" background="1" border="1" borderalpha="1" textcolor="0x000000" textalpha="1" enabled="1" bordercolor="0x000000" backgroundalpha="1" borderradius="1" width="180" backgroundcolor="0xffffff" wordwrap="1"/>
      <polystyle borderalpha="1" mode="0" bordercolor="0x0000ff" backgroundalpha="0.2509803921568627" handcursor="1" backgroundcolor="0x0000ff"/>
      <hotspot title="12212" pan="-249.99" skinid="ht_node" url="{node2}" tilt="-22.84" description="" id="Point01" target=""/>
    </hotspots>
    <media/>
    <transition type="crossdissolve" softedge="0" zoomin="0" blendtime="1" zoomspeed="2" zoomoutpause="1" enabled="1" zoomfov="20" zoomout="0" blendcolor="0x000000"/>
    <animation useinautorotation="0" animsequence="Animation01" syncanimationwithvideo="0"/>
    <control speedwheel="1" simulatemass="1" invertwheel="0" dblclickfullscreen="0" contextfullscreen="1" lockedkeyboardzoom="0" lockedmouse="0" lockedwheel="0" invertcontrol="1" lockedkeyboard="0" contextprojections="0" hideabout="0" sensitivity="8" rubberband="0"/>
  </panorama>
  <panorama id="node2">
    <input height="2048" levelbiashidpi="1.000" leveltileurl="tiles/node2/cf_%c/l_%l/c_%x/tile_%y.jpg" overlap="1" levelingroll="0" leveltilesize="510" levelbias="0.400" levelingpitch="0" width="2048">
      <level height="2048" preload="0" width="2048" predecode="0"/>
      <level height="1024" preload="0" width="1024" predecode="0"/>
      <level height="512" preload="0" width="512" predecode="0"/>
      <level height="256" preload="1" width="256" predecode="1"/>
      <preview strip="1" color="0x808080"/>
    </input>
    <view fovmode="0" pannorth="0">
      <start pan="0" projection="4" tilt="0" fov="70"/>
      <flyin pan="0" projection="9" tilt="-90" fov="170"/>
      <min pan="0" tilt="-90" fovpixel="2"/>
      <max fovstereographic="270" scaletofit="1" pan="360" fovfisheye="360" tilt="90" fov="120"/>
    </view>
    <userdata title="" copyright="" author="" info="" datetime="" comment="" longitude="" customnodeid="" tags="Downloads" latitude="" source="" description=""/>
    <hotspots height="20" width="180" wordwrap="1">
      <label height="20" background="1" border="1" borderalpha="1" textcolor="0x000000" textalpha="1" enabled="1" bordercolor="0x000000" backgroundalpha="1" borderradius="1" width="180" backgroundcolor="0xffffff" wordwrap="1"/>
      <polystyle borderalpha="1" mode="0" bordercolor="0x0000ff" backgroundalpha="0.2509803921568627" handcursor="1" backgroundcolor="0x0000ff"/>
      <hotspot title="213213" pan="-232.16" skinid="ht_node" url="{node1}" tilt="-4.12" description="" id="Point01" target=""/>
    </hotspots>
    <media/>
    <transition type="crossdissolve" softedge="0" zoomin="0" blendtime="1" zoomspeed="2" zoomoutpause="1" enabled="1" zoomfov="20" zoomout="0" blendcolor="0x000000"/>
    <animation useinautorotation="0" animsequence="Animation01" syncanimationwithvideo="0"/>
    <control speedwheel="1" simulatemass="1" invertwheel="0" dblclickfullscreen="0" contextfullscreen="1" lockedkeyboardzoom="0" lockedmouse="0" lockedwheel="0" invertcontrol="1" lockedkeyboard="0" contextprojections="0" hideabout="0" sensitivity="8" rubberband="0"/>
  </panorama>
  <masternode>
    <userdata title="" copyright="" author="" info="" datetime="" comment="" longitude="" customnodeid="" tags="" latitude="" source="" description=""/>
  </masternode>
</tour>
